speed_m_s,rpm,steering_deg,distance_m
21.72792096032393,236.7631659201919,0.026632559597119965,33.32020708361154
24.108090717505792,324.95270650760784,3.550203548046041,37.21286629432824
21.652185380916936,213.75692576590913,-2.271714370468949,42.41493936347071
13.484213841978196,213.08531764747215,0.06471493832904501,37.87189724137163
24.52677933336559,-12.276508815215891,1.91451922920211,32.638196305470984
22.231872861820058,110.75102016076703,-0.6182656264880628,18.456185016088575
17.315233823198575,344.29661793824573,-4.316864149316147,26.074142081954676
22.905590520981765,105.70401543801783,-5.7122263904135675,30.364410828727213
21.82286198093038,188.8981429067821,-7.423212135802915,34.75382639102296
21.47066248327763,283.9669783422356,7.392799615407209,26.124115835561586
20.142111206578985,111.74915192459434,-7.332863800993931,35.76763881345964
22.733564933062233,298.1730988496986,-0.3753385763571504,40.462072079763374
16.317729564991666,18.95165105126324,10.93778714299214,19.979916100061384
19.185450260034735,-0.8961157729467004,2.6997961552555902,26.5165225803183
17.589403436600108,41.54880423794873,5.450730051737232,34.87528929998639
22.99423106317314,63.15556923196715,0.8242215188503446,30.095832963538747
20.198610537408296,198.80016789470577,3.0515124875405126,29.36360354049989
18.537716245174558,152.18322915829052,15.369292693563311,14.562067820947359
16.09045768821579,192.33233602658956,-0.4229555981003936,43.79303690934976
18.714038796905648,82.15094096041273,-0.6308121335805907,33.88287780934659
20.040710902591716,453.282846169148,-3.563491524558418,28.88790304228672
18.62198547350315,175.2577719022784,0.9831702298139947,31.24521117894557
26.470319071991035,258.7114518495311,0.04892888174899346,18.64977389360907
25.033621576528972,294.5022293598237,10.657786085420351,28.16763687695304
6.444187605170157,38.681900684574515,-5.968158004544671,48.06124333222458
10.554933770161636,40.99725930570297,-9.907140473063507,30.98264122329117
19.12613953972419,198.44124973177404,-0.39106629960723016,34.138555029867206
17.889047942118232,269.36823742987303,-1.0028566174280216,29.660756613460418
21.068214987493057,275.85805508383487,9.890623694202866,36.97032997881047
21.086609655112817,303.6741319381835,2.807727729273899,32.35205189299276
30.58919377525524,248.11386793014418,-2.9667446565859543,24.405845414656078
14.439896186538594,65.56879069043039,0.7346983527239712,38.310046294633466
18.11197496436501,380.2364569437826,7.273415875127864,24.20929303074454
30.21385803746165,276.94960385442647,1.859589818333939,25.02754543119182
23.233514981009236,278.9045244053858,0.6271117428396724,28.085882498067974
23.315316861881307,305.7453525063778,3.6606497471125645,24.014408989248135
17.429968141562686,315.14991661252833,-0.3163585932027435,33.93661182798427
11.759624145721737,-18.72658189126993,-8.012152989135947,27.75610115094908
20.837323721113705,159.16631428721684,8.58340354344013,19.07039806992073
20.54507043910774,160.92137388955126,-7.167803584066171,27.785995747959074
13.86323972877713,107.32432852984964,0.18652010972439392,22.481359936167916
16.58386669109719,-76.58484461649897,-2.223295245423933,29.516788024751456
19.639781601363865,185.6382065239574,-0.07726671123767814,24.08548878346697
15.276241884696113,-137.75490784058763,-1.3592133686284253,30.279028348853785
19.508650160738913,223.79584139721018,-8.309037570289277,23.331800277241566
20.477415137347272,257.45892290051034,1.3627953062790907,26.433698068860817
20.17793118527743,260.5215458599834,3.196350007685431,22.845651102788754
17.468541708428425,53.177250699739844,-2.535036004778841,44.74848707124638
22.968740358929114,324.19218542487835,2.2250685800767984,43.24389427102938
24.45583477141164,157.16762079915202,6.451672252949972,22.646232466047117
21.60424152283282,92.35969997698884,4.664777224029946,28.070735969251917
15.908848863048465,60.10559130247489,8.850386715341529,24.966822011307713
23.658261418927204,150.87878803984668,1.0329102393500493,27.618958278897498
17.49279990766474,191.27894291109496,-2.76172034780015,28.23207127580908
24.395803091439927,325.55910131989276,-0.6025384199428072,33.65318534476928
14.641062915612778,-64.59497539099993,-0.7247377341583485,26.01225215962939
24.572336015643906,190.79565639018676,-0.7715516315099558,31.835875908699027
19.8996827269226,288.3939923984595,-2.408559338170325,29.51063506939843
13.756255548327923,157.1820497596839,-2.6977702417517424,32.57577206126125
18.430502640165763,234.48235534835294,1.3185388601418917,27.604809255281662
20.27051139385772,52.23801698022916,5.8392755677305725,25.3556302878847
21.363956695822267,308.5133082719334,-1.6934416969946438,33.336140058344654
15.089059375295111,-6.003823696866192,-0.2594197432016845,37.38604113914511
14.463134764174034,163.63849404465546,0.9875682921113829,29.865560450530083
20.997922664235404,346.10496573115336,-0.37254336480679484,26.952109748105812
17.666251915600988,364.5975581407064,4.091480712304789,21.70393372617024
21.177528058651127,262.92893559114236,-0.638901487739713,29.74625148148268
23.797597612391897,326.07289631974817,-7.735934846984685,40.6835938261149
11.756063168245257,56.927468265276886,3.6263078038598744,29.811974667449725
21.271940582588087,164.5749926022891,-10.638948215045586,33.10312465146954
26.123234837678663,378.17468551554384,-3.8698001701510996,40.65912736451526
18.512365778147633,185.28429602872274,0.5173526280180334,34.56082189151991
15.945927083812151,146.72788845202177,-11.158553394672644,26.458928476862837
23.761219135897964,96.55638134027242,0.47452234251381625,36.38188073699242
21.26723258104071,227.7314235998812,2.505568054118865,31.11497159601004
24.479415353887802,309.3804942471418,-1.9308864247790438,22.43712901878341
18.2739214497436,103.32226697339152,0.621300611587419,33.8034630442863
12.590908631388944,75.20110406901604,8.261964711446199,28.32785449203623
19.449946176443746,352.5451213665268,5.993405637892386,32.884011737526436
17.77085923494384,195.53520726432467,-1.4721972628465898,26.766216884457265
23.876619110237872,209.90682654387848,2.9165699352376317,33.39238021745461
20.96816424188577,95.98336348492394,2.1877190515396423,29.293723390774264
11.845753837824494,56.499635250140265,-0.815063185322775,35.9701098563101
14.024184599484002,115.242220890689,0.9582196531308727,31.467913667303847
24.418945182936277,381.10223695073455,-4.771407964341256,22.99870405733752
23.398825087089232,172.93878105266762,-2.040641909280939,35.12264439967842
16.798783170457558,347.42140845118104,-7.440182993816255,32.299671645538496
19.994756017163596,107.07877847654976,9.412326794344839,31.008795156648585
22.22786776888093,186.51999720620395,-5.669412491332561,20.349767151265223
22.34202167923639,307.77458158345564,0.46444346294229155,29.19941002758501
24.38121098057175,219.79261669220918,1.6071188506791132,30.739217034379372
21.28242813610781,129.79807712101746,1.4127771418097768,39.50014737321584
19.52585830515751,182.07424190340765,-3.094316764855,26.318950733751596
18.705759676060772,231.9288461035011,-3.6786464449445084,28.64073086674453
25.278714002666256,81.21371854175757,8.609924747995773,25.89466216359276
8.745728624607311,62.60365167120607,1.768429752179646,35.43255588271871
19.306723374543314,182.13357130026856,2.6418573526353617,22.013883636875427
20.1650005199203,161.2752292066364,-0.1185112791978149,37.27089794776573
12.873255195649062,202.26815859438966,6.2387002921362225,26.473922793921663
21.664068065690234,159.78546370531487,-0.4397318501364804,25.741726473258254
16.74359493778303,130.98446451919682,7.66137814841213,32.183732773426826
24.312223981578732,246.88649855204005,3.2671295324980196,33.14704206406642
19.372039579828364,266.60530522982964,0.8218920083362645,33.54266376101389
23.345766203947264,211.34140027470158,-1.2397858959031143,21.344880027418974
26.094218025856115,412.60190734873686,-3.0800518615752654,29.062888477669716
21.91464791356736,128.37464913330078,-8.625659292429724,38.61231258612378
15.621394282885774,284.8653780622663,-0.38930566331009764,29.496085553302077
12.428406841476807,38.50191330370163,-7.779046177523915,41.616310724026604
28.766920587581865,271.3625576782312,10.38019056904053,34.22933046635334
19.443539034062404,230.84000887737895,7.787515527811055,27.881675274215965
16.55717526182839,371.05573874425426,4.529761954736967,29.982005185085917
20.721285440304126,296.79546906835066,-2.0470992637362024,36.245231847406885
19.042943347586753,149.84314852017317,12.408193026609595,24.0742143989933
24.26071132106344,372.5190247698065,-10.451023892272636,33.581373916871
20.1696409121855,180.32591863248433,-6.414857834252224,30.821461983577038
20.068747918092097,121.54289355095621,-5.274770764268025,31.89467085169492
16.42710139483518,209.13948312702004,-2.3632263238546685,30.159063462938445
22.34784049373747,232.92548974070436,2.2286811947724945,24.13002472256906
14.830666388225087,243.67330060857438,6.817179067944986,21.12509401057259
23.329447198819835,178.32063557346703,9.239022086659622,24.211155635744632
27.61968756495066,314.3472254155991,2.3646939335893973,32.800602832403676
12.376569809504241,187.22063137851927,7.693815635124459,24.011113713552632
7.6688538432434115,104.49309438750213,2.8684723035862,41.70240024569127
23.0843937757716,227.9455845485802,-0.6542709862822214,22.782550194412057
32.73948907741563,257.6330533650561,-2.2099796123465647,21.094939161757225
14.995375755640532,240.32893669194408,-7.606461680265328,31.346459074123104
13.746521205990058,151.18766209114392,-2.2687749644800705,30.67102413812987
22.94484466890237,279.07884393990935,-6.422865616766371,39.82045362158412
15.79639204970846,122.8860964110254,6.3607825170639245,36.84766334983826
17.46987258031632,175.9998948773784,-7.899798764559897,29.522479648312924
18.25941266658111,78.87132749533926,-7.124533339469782,30.942695066593092
22.660010431458993,235.15263382817014,-0.15658355816724145,26.856342255653562
17.973488193034406,256.25591429577514,-2.1955972393697016,31.971291244709093
21.3894142004008,223.19347061199122,0.5393888350859397,30.240419696401972
19.117333705532122,277.1126181071457,0.5810326906759424,20.71569346092278
15.776644481741984,189.05749302968704,-4.334387327042496,38.713973985529734
18.400868711283895,320.39435011477076,-6.3956456114543725,24.18818785861136
15.248001674160406,133.4750535263238,0.7348519459553384,24.27169701447839
20.032574929348744,36.46272663819644,0.42272216768472193,17.632188014673098
14.380668862171817,187.05551153027517,-1.9825862832187484,27.46316153183179
14.535528153523785,128.8363327474816,-2.143667164904673,28.59958024004273
27.28480907652628,175.4187525369968,0.09359709748474909,36.13211958611164
19.734078898473292,262.4673247770094,0.18881672725561227,23.252965950018112
19.730489872639787,223.73781265186165,-9.730265033489118,35.332783484904084
22.557682099588096,270.1106811893429,2.5798306841222924,31.271453757186315
17.895714987255644,145.7195547938873,5.166147481700799,23.56592070123433
18.85732316260921,208.27794805086756,3.960008930527568,30.007183768551872
22.125743676659546,246.69134118213793,4.049831078001713,23.193365589824065
21.412079211222007,391.5863027663901,-1.4218057335809378,31.193753676187175
14.203516365337851,73.63918720751002,-3.223941486986605,30.436360447278908
24.166712983348308,240.6177098777435,-2.865093846302998,40.15161418821192
17.047825283554786,206.8642340625125,5.121159476358687,21.21965763439712
14.71960524842907,-25.28264012524923,-4.5685034667814755,32.76212794586194
15.497624650004742,-5.320590242771942,7.142546950075665,26.142509756833476
18.047273278223386,397.0545698650149,7.8288686857610115,18.394628855658063
28.136501273115336,104.65311736498651,-6.452955586135664,29.429968925277358
14.122320475396098,198.71611921948687,4.295822348102876,28.46228760131119
20.800379462671703,123.1812540202598,-3.2981233261116665,35.30643532747722
9.310878209547113,16.792771820358,10.0403392113362,22.571359774197628
19.992165334274016,1.6691629155059502,2.3184610149873883,34.83873912396939
24.497832087380036,154.9044636412656,-2.7445820308283992,26.518819292826162
18.816683389692724,266.60469544729546,5.519925216387756,35.49021019565786
16.85322538058329,29.657969714181633,-4.147827772186378,36.62969046367996
21.157555320292687,271.1182412371051,1.429517266469182,30.29607147487137
23.500758755753253,266.3373624923909,0.6397953154846553,24.227265587835074
23.318287855087032,435.01310848610956,-0.37025524428337464,38.223120045087676
29.86236926964896,251.17033437071802,2.605079352879844,26.23615609052361
21.045837361681382,336.7997775370943,-3.5286313097195707,36.73021091811671
17.03794950123534,259.26639043649743,-6.107611841264223,31.101263787071414
19.370104050066786,165.03419876883933,0.2202778182750207,18.238331515104758
19.63750727190094,30.079473825392796,-6.0278891381053485,34.106614324087204
20.543686917390595,356.3809071325568,-8.628850490979067,27.281821026664897
19.849860933852824,62.05971875417404,10.997058070379383,28.603975148522593
20.869829694481016,161.3567016825306,3.394362089830513,16.636202718156156
11.645749696924437,204.77515096926305,-2.836443390515981,37.40190503837621
24.148144780200212,353.0770046813307,-10.525567769476556,27.573269802091463
17.12630365539484,86.7183669381495,-7.468592958882375,41.243742887941906
14.134206517764877,138.1418965878263,2.009458634505786,28.589640742370086
23.18875579820718,206.0297137751369,5.054612938377383,26.802173795018717
26.58663003693041,384.0221579275403,2.0034862764851726,23.704273032065593
22.465140747497212,475.11474489306397,-1.9806728305956687,26.445043435178377
20.805796569227603,25.069283140282778,1.18684115505392,26.72435912627006
15.33889847314024,245.03127572982925,3.3227877436498936,29.156486872350772
34.3578366890675,57.76082920000249,-12.81529003303059,45.28437298911387
24.40129310330754,245.41956824954013,0.48583252511783626,36.5260542758384
14.303526648285121,32.156814087932474,3.446723695469205,36.527717549452824
16.10181041880128,360.1999831990181,2.581236753988803,26.3252180598312
20.434896242859523,220.98581525870117,4.236574909824503,27.171158620385096
12.22634434002007,48.586268604621935,-6.575370826150562,36.420387346524926
20.843152035052572,158.5002348796437,-1.0598660220456297,26.313847841851448
17.704642221436206,119.51684701013967,-7.485515971534783,36.64830714816787
26.131353001581086,280.14469087207965,2.1748897545351937,27.178662574475457
24.810773318141234,232.2928861434416,1.623540951200559,35.20794013523024
6.443572812826137,130.02428552641356,3.3509507636344056,29.861590868311936
20.208512930136564,356.1112374938347,-3.9051944071587616,40.039568601522205
11.91266250238156,189.267829714564,-7.5691623862375135,48.86950280412725
25.548189996242616,132.88159519201685,4.4808813417186375,25.123747899035273
20.840529345639123,46.02461280779272,0.12236803026434462,36.991115862016635
22.742027260934986,151.87832004377967,11.20822543907995,26.65219681159033
14.674376355983505,252.06528999080837,1.2429129378061228,29.768202814030552
29.1421511899775,257.9166965332401,-9.41324924380905,33.50117216037904
30.100366835752226,234.24638644986385,6.353348488933795,26.095948639809354
14.676144786868939,160.58970364927768,6.800866816919495,31.755893731076
21.864075609331582,77.08816113417436,-2.4325442966774293,25.071335157336737
16.633487858049065,52.402106413561484,-11.380855950276317,38.2508547353307
19.88215031569634,249.85404567791068,3.464933372751493,28.187543013792773
13.671815103877181,106.40280174794958,1.1232702975928848,23.325859593991687
29.335727572903092,248.03365151997912,0.3479011139621695,28.719821413403793
15.154102444586659,183.30452697751699,-11.413854253173072,40.74067606540173
18.519580925012527,126.70868893204435,3.096374677204815,27.498490295024606
22.507414655552612,156.44504189925865,-11.897844491950863,41.6944605525822
16.762196607919357,121.64094982582614,-2.3551035342190167,37.82081333994088
18.80343785133849,248.29643742454482,4.287224751580832,27.141834338457077
17.181800767865177,177.80000125077208,-7.09666716638727,40.67904312334877
19.33269622581853,73.86720379055421,-5.637481161981794,30.835683065281263
14.147286824498487,111.16717679206404,-1.0512869880692022,38.213684992688165
17.810059621988497,242.92298886501564,6.015720579811162,22.70177685300445
18.96553537643878,376.7305480800755,8.568240064189945,15.86159779215995
18.331369980979325,69.07830059759814,-3.268978694536182,27.085097838769887
20.283449774468973,236.68802714954205,10.155527585492976,23.09732884223144
18.534488903216396,159.4700613506282,4.553122332964026,36.82205663797364
23.766057042196906,320.21251410319445,-1.2842606901074118,31.62202570619712
18.38402037107085,228.79570144231516,1.5563108497674216,31.752597130896362
19.316752018520578,340.38521095928724,-0.6409259209524247,34.01588786041723
16.676093320020737,218.7060234276684,2.005434187252192,28.462473581557582
17.367425799423813,119.1629267713474,4.5738149771228995,31.03404401709814
13.677536045901437,82.91604264108554,14.126844559967047,24.965044023321994
22.59392460438982,266.49425701561114,4.010663421756818,21.992326193178307
14.28740991173754,182.36841805983443,-12.899572134994074,46.65909870336227
16.270718009058374,402.500906849124,-5.413344395572999,39.3163863432169
21.796223260056024,385.59550456711975,-1.3658296926818976,30.480664982878658
22.01286682972266,102.77083305972107,-1.050304144876158,33.52163499223697
17.999426244974646,215.01674202710194,-10.338072343178762,32.06201906241455
9.903670947555991,-34.062176661299105,-0.333321354710138,38.37831094576418
22.102566436477876,55.45797479284596,-2.644672794991493,30.844661232680142
21.297817294460298,287.332773088874,-0.4319577385476192,33.055513211545474
12.938093922641123,184.55569253092688,-0.6536040209189048,25.435349529395005
23.85161041397248,134.65932470602382,3.3284006298578834,27.923849815313538
16.49450099783287,329.3136837881819,8.338527478516026,23.831909899728124
14.369059419233498,45.93360124230557,5.72259431072604,25.993133732923567
20.478653554821285,88.01369743354587,-3.7353904789182963,21.097857160205358
19.107647843003924,256.33830057204204,-6.592069923512831,26.49987483091369
21.013120004955738,232.22505462111252,-2.9788676554466784,30.824411922699547
11.971259708377808,103.66179698689483,1.9537780772193958,30.076225389173153
29.061150581361865,283.90492252352226,-3.634544901491313,31.42993058880647
16.98670692728136,192.24714839866638,-0.5759502723676646,26.180661632202483
12.301703457517945,109.05903600029592,-4.344522491846354,36.02634528468054
23.094210942835748,213.69162260025377,5.127688235551729,16.77281834899309
18.225979349494118,-7.335875371703736,1.3260957604386445,28.587858987391254
21.624292428864518,82.04678768767849,5.469589802919848,31.34255116018053
18.301957846874807,244.11453550102425,-1.2592099918246333,28.224138227044442
19.701298197600398,126.58289293133453,0.7700782146086382,39.026369427877285
21.228864218693168,266.80796809810204,-5.34094323832661,24.353373643491153
16.26673558008551,286.21374572542106,-2.7777916013636887,43.09528428634124
23.39369797929779,198.441897148135,-1.2367356154408748,41.42645769206417
17.650499504602283,204.80197318033137,3.5917717825400186,19.43347473535385
15.651564279147639,364.16328746934516,1.3542175469119517,33.640593605863295
20.385162109112514,273.3451853224797,-6.626956412152554,32.339671997181966
22.22520639245521,406.43944699968586,-2.3098077326329722,26.95774960925185
18.854603291906802,341.88673831047595,-1.5654642023203875,38.68345136334177
15.687401064602186,232.21004559813537,1.121130955022788,24.973471616897545
23.098927831543165,219.79990217305706,-3.9981083053149558,33.626164583758786
11.198356039386116,27.78420707030611,1.2121731257437387,27.800682519574607
14.845679319822336,37.28699424598669,-1.5201214927119617,29.577335927629107
20.197614452666922,250.60903799479615,0.7260974676355763,34.30174926050693
13.194703008474663,178.7653677522259,-1.6701659753140443,39.45408328975084
20.139971321245845,183.93749240918825,2.1426224575866835,31.235689266357994
19.725684409907682,282.1034822077367,12.924042765277076,15.987866385410769
24.49369894429084,184.48327800859366,8.81865261407788,26.370125057591782
15.426048240933543,265.28238922045426,2.934069304975635,19.221458470024405
16.870467381791787,172.70538029652985,-5.82538403080936,30.335310236159778
21.665908423505,213.02642665699346,-3.4731184600615244,35.100396898478394
7.712182048970963,77.09449079176312,-0.883004970557967,32.88430273317033
35.50021149457292,345.14298726727685,3.979120077692882,32.915163389148816
16.506746347691156,413.8938923097836,-13.156964198059512,33.030448390780975
16.35082473637221,2.356264448961781,1.1388707460525764,27.549542922708078
24.305637554518565,260.7786299233655,-8.161344026702729,31.576923579845516
19.800840792821578,322.41902686212154,-2.4348038409245727,33.65570557318556
11.102856906482044,182.7798743220726,6.8812104422246225,27.458156386267625
23.13463690046306,201.13817183390358,-6.291289825533402,34.743083929518775
24.276889169996043,416.7809941216441,-10.360556979554335,31.843260170997915
17.750268632620294,70.6534005496348,6.997171737492265,22.138325480398418
18.591998208539877,55.29036911357562,9.179373290215878,32.26023871069431
22.42992298629696,281.1062861562107,2.3361544263960954,28.340643553810914
15.456098750427753,9.114007380974954,14.166012506518534,13.708005366699538
22.191942821034544,-15.87554708631609,-2.858695261691212,39.961789743854624
20.99649255222249,298.2535892950249,4.189805600530463,31.179488285642485
16.62533692112041,242.3884004732477,8.761222845096086,24.63742589173873
13.039490630940778,203.62359260375283,3.0263629121524156,28.239320601451084
18.871970846194568,139.9725939935329,2.966253987030814,30.689141917894318
15.622888708699158,174.52349985592588,8.729229714315013,27.234674107179277
25.00705112840082,153.53785345976328,5.860762842766844,20.793527107133176
20.720426842499617,380.6393890862618,-4.236971855846026,33.79624176733728
23.910422612799483,318.2066512784396,5.0149074613933005,19.268925011651838
20.67310967672229,280.9567040042447,6.808265899368745,24.908727778596568
21.314505585425152,18.146581763588046,2.843434641640166,25.678848106794096
16.085005413848098,241.58025853746938,1.0017004646561194,34.79797144993484
23.34023713286072,382.79957352674313,4.380610432453951,21.744721955248494
28.92349137153512,410.8611222800885,1.1131916214039705,31.192915391929382
18.451562222412292,263.4286558037729,-3.1794575924949573,36.013094150056176
17.036127361429255,170.265556711326,7.808690142241129,27.455928072621745
19.210816489048238,157.92488016497808,-7.769586009367199,32.46029430907697
17.59359858199438,236.10015438183206,-2.5103567304234105,36.21504042424264
16.492603506732298,203.20297064705926,-3.2421723466552175,22.31542728142045
20.690968219840833,230.54713523699348,-9.573515353685144,28.81810463913995
18.54541233474955,154.53164866859393,1.8609827603952978,28.325101082172583
27.194367969213292,440.06933248467624,1.132811519306618,24.63005109318364
20.00100821477562,83.22575292815772,-0.617046758355206,26.275802759930734
21.61955988815714,213.93235330036308,2.8515777716912023,30.507412355442682
24.76010933999901,189.58300612106046,1.750085486610385,34.98962491006716
18.496220737477284,288.1665121838587,-1.477026797284449,28.933238097359382
27.18368270044469,414.8849777338751,-3.593479517779556,25.742460974265423
16.83652893739944,292.77417345502124,-1.6951917931111884,32.11571263658969
15.958361490569375,235.12433308154317,-2.459327188507935,35.014771037732594
18.16866490574874,41.42645140948662,1.3763790951237749,35.164827882017725
19.426413040164316,402.3874011562759,-3.057893104893704,21.623618580723196
12.99340899950474,181.60369895251227,-1.6221553879945327,33.299036984666216
19.824526079355767,187.3989362938761,-2.6821310875563977,30.62166478202735
11.662567047802895,118.77573008950134,1.2186763699396206,21.82166261180366
26.96069200272749,235.65500666211474,12.168198109434249,27.74123955239852
19.59501524296153,238.33820970199656,-4.5161859349078295,32.261565728663676
16.79021137652013,198.91889457626172,8.853767857945213,37.44788206374241
15.458309408582139,118.57308951915113,-6.133925430761027,35.91071401760779
18.077847628959017,-76.21066738795753,10.394039008236206,29.516246789198558
18.884602657847868,185.33389307368145,-0.07125660697753977,27.32047377360319
14.777445171943198,195.4580473433821,-1.8953554177439869,22.75115984367801
15.401024530885827,206.6270297980908,3.7665536444969794,22.005949514009586
19.064124974692316,175.29474966935445,6.006324595067527,28.981263323102965
17.396081261021795,219.2922895565587,-9.410496551209047,24.992312871939653
24.696065518391606,349.79254922761356,1.2109829217584767,34.87987984923983
25.689351871227625,209.86849045588957,-2.3789348149507648,31.96751429150901
20.080106017999448,347.42896472185726,1.253709558425426,31.803274299907663
22.367997860272638,28.16414842063392,2.8916578048523625,32.823688339816876
13.3240581318744,7.135727946836965,5.905892338190739,37.73621339317837
23.187088547163075,141.35639043408892,1.4906262411708742,33.67717272848253
19.84708265243368,-45.97584442321741,0.43845559667990797,35.50933530438525
22.423341579754187,124.2571536942632,3.828908968309597,26.10746758491253
28.001780657968297,404.8550041433212,-6.771565327781449,32.086284433719406
8.59571121827818,210.11001870804012,-2.7261417650995683,37.453164568129196
21.30474089526714,222.78325522529192,-1.7865400255757118,21.438612664757166
14.504404684160685,317.14424351540424,-1.505553897978655,38.13563114120149
22.96098345702244,253.55885656484384,-3.5554335051351558,30.143944391593866
13.43343281285767,84.55313246695135,2.2458428927777785,26.359233273592462
17.52300216498003,199.39309858808193,-0.9059802277233391,28.17949034979542
21.01366877880187,196.4220267516285,-4.359062153068061,32.469767058311064
23.06754693217686,304.2688153717685,-7.319419190812246,36.31850815661916
20.37397044668286,53.43464049148858,-0.2269881395833935,30.72014231004698
16.035845305060942,260.29994738373233,1.9746673723843464,29.897321389549884
17.23233891142296,126.37071599537762,-1.4648487909169101,26.463494010846
24.422514456246894,329.7574462134947,-2.491282220896593,28.730027298588723
19.972501921567307,45.62099903103447,-1.1789885752837739,34.42031176408939
11.580928015794713,73.8834146127183,10.206170237581905,13.680958366099544
24.218313541348458,249.98945744850616,1.1765297675417141,36.42261455721635
22.081242398567372,310.9576868807901,1.5333881902778954,30.690284807955546
24.367077726259733,121.91767034541155,1.0601060421172293,16.527854283648786
18.316862668116592,349.91305227204157,-3.884375879792917,31.35331920419338
24.14078259213305,289.67417342168204,-0.9768013741320636,26.944153908300567
14.694675399991626,94.36921215960555,12.613761090179752,18.016049564201346
22.8499990543273,350.23019396208105,-4.441310335088873,21.15235542193234
17.548098451859715,185.75208682086014,1.4782214464030825,25.312627958878846
23.371758524600732,349.5472833171303,3.7627420030238903,29.760941575633016
25.02822058208195,482.5969866954967,0.527766560012846,24.481701604198086
16.320049239957353,240.05333016543153,-5.306602093106009,34.08679737944849
19.743852602506283,144.77057966805936,0.4519226503705376,28.601680461516814
20.194773132279995,159.37698778368508,5.299943467462615,31.200833630566216
25.948324089203133,317.738675529878,-2.901199146843091,28.459050996206354
23.552790456848907,264.31844627786484,1.5424478603109262,24.874832635472128
13.903612279947705,55.733126444178026,-0.4680415783477958,20.715837888201094
22.288041303542787,156.06946147282997,3.2652089742469146,33.21950030070471
23.725446046895694,303.83266339717625,4.314607316366526,27.148134616476987
30.619029479638716,540.8601318825171,-5.6805282951125715,34.7490009430593
11.604254516229043,-146.9941929685035,-0.9007332832562556,36.229093087060576
17.318238500330047,245.57399878557263,-0.3016190279239086,30.04726686975628
26.666855940436676,245.56384110219932,-6.207042220578592,24.9860833717103
13.224648506966535,210.18295644368402,11.267968783859814,26.30465543079238
14.00269708037637,226.79910861029106,0.9685527469301904,15.761288553949134
22.58541097690149,231.13791827286968,-2.4577220078828685,41.13051668529673
25.09204330439392,149.32307834171968,-7.399937437901677,41.7086712009116
16.65659756312223,26.860786280922866,0.7915469442921155,35.600102445806215
22.700635861460306,39.588489755286616,-5.20243445810483,38.13436845701048
20.584776347149734,328.08232349498894,-4.499701661313588,39.03186650702592
27.59374517009367,254.96721512523715,-7.810506383231102,30.558901671836644
19.992407801456316,145.8965812787076,9.139435123934355,33.668043186966656
24.951236559840332,221.74042451576398,-10.770133384676026,39.226462876352706
15.484410703428672,20.897335194629477,-1.0286061904783028,32.83511449401638
19.075605752689892,221.2175154790049,0.7286171795024021,30.30706512742621
19.516477731190907,327.0349269162886,1.2270851802027798,32.39051773250699
25.695539737426124,370.8014604513575,-4.311221760160699,44.70797053949541
22.898065197602286,72.40074485325084,3.3918454521792505,29.484094976301193
16.241234343532152,298.7635318162167,4.834194040929603,28.360209005185194
23.409838818399678,157.67469871136322,-1.2265850915745715,26.66959297976715
23.853156382138074,47.23633729710426,-0.7734280415063397,31.64377073433668
19.441771388402767,71.47049034296623,0.005848297487643039,30.401747423734562
18.711688424840954,90.46547312390416,3.5845434589963845,22.96446379465207
19.03098377288722,189.61505369486832,-4.122207159873109,41.76852844632562
11.525037970055582,12.052832401931141,4.653071054102247,25.004302861545543
20.943715040623086,58.41260432823802,0.27687669754109523,30.486847075180435
21.1728896461364,185.27949294823378,-7.1350485612804455,36.389076791530215
15.672357381205053,349.11396809140774,-12.284916588635435,32.677524263731726
23.712231249375336,166.88722425489328,1.4030697858493588,26.209330992019698
13.135165320881873,177.77700475379328,-3.9200304706220637,36.126914924803664
17.240935893035214,180.40404205329872,5.652051157843153,19.623169984369113
17.62390465504224,442.04581796987975,1.4150921832188788,24.13224098713402
29.937549159944602,109.54967563349817,-4.6500674774884905,25.143540802757734
12.004079683710597,229.57896155860385,-5.82717293468933,42.43774624985312
22.81315127603131,99.99301318030174,0.6411180797782785,28.084839806248745
24.710616387944818,187.8646384774346,-2.440468642530395,36.22467363468823
21.888627820199336,209.21811286265213,-9.169700938388463,41.18801282927865
25.909039721766945,577.6990173974734,-3.621396056701726,26.81628093037385
14.986311564367888,73.5625846153463,0.11859321450085147,39.41400352070363
8.598706988439055,-102.90134144044318,2.900497768950765,27.56570926870332
23.83408944485132,368.0772544826358,-5.217834009033666,26.190651234887376
14.02085917664455,56.28498093343518,4.920242327404101,36.41184997377461
18.368000617270326,159.38497080363405,-5.235310513634904,32.56392461499229
14.105770012876112,138.65351783433547,-9.603784790970629,32.072655425542635
25.261709284747653,262.3159714055658,4.082422679036778,24.851011618294088
24.325751174337107,226.24364890768192,-5.842756805547296,29.42831512044008
16.39968169046503,190.77246050205568,5.909333602263085,28.368328274795928
24.5174592230483,283.9105524540573,0.6750452647419527,25.513480414519726
20.606386296598583,291.45614478777975,-2.548022796550922,28.33738429419663
19.303055847201264,150.30724488204646,2.97908631741055,32.68352072941197
20.287083310211827,127.9978187666279,5.586309365630502,19.1850901164733
18.98625320075022,83.5075041407968,-2.3246122460949916,33.25016886298276
23.075026319054842,290.02115320746833,-5.72550711130331,31.752193214462697
21.55173785221541,210.88756400254258,-4.634678477688445,33.811404774673655
18.252664267830887,237.84709982109217,-1.9954330556116116,12.373168729095944
25.031278729077787,304.132411472365,-5.661822147873699,32.12129586264611
16.94262192618087,338.01391259726915,-3.3699011917329647,31.618355835209762
21.43466821533726,235.09719171007623,7.195065871008669,30.790319622917085
22.110776856261573,296.344900231622,3.587551372996887,19.32556369516363
27.39403529918265,153.68137036234515,-3.767643033687808,19.771463169407443
17.47279318325516,66.69776421355627,5.135821469556725,17.526186061946305
28.715412231552033,255.98034773508425,4.465925513151408,27.876502158123525
20.880824758112123,87.13647999967652,7.62662183695401,28.052684641400965
19.030115446737135,259.2604762464861,-4.290978229284832,32.959426230359064
16.637636245306947,33.071083625637414,3.6859689062206535,20.57177856991295
22.931467095272662,236.15297282629797,1.9720094895073619,37.62551303811987
20.244676222211908,-43.362799927840996,-1.8949406046502435,30.95952975521663
14.481953670361072,34.34156436307617,-2.7720705554293525,31.848212079566785
14.360564118706819,109.70210756017347,9.85268109034969,36.05453314265768
17.22240396099733,146.32007092345083,-1.2160667740853086,25.977036722204133
16.61996998064416,-12.964874530185966,1.4176527879935164,25.10310108695645
25.451511958636047,265.3820274956069,-7.550518979194187,27.597648123841147
26.877691489850893,366.26331776883734,-1.7044495830459403,33.4353295763716
24.34279811933754,308.2520217171357,-4.595372996814787,32.96937127833463
21.789344450155316,152.0351380577623,-9.00264003231911,31.242121524216472
17.858808960776962,119.85840579091575,4.4866701209710556,31.57116523636827
20.27241605460123,84.09413237606807,-1.387796884322402,30.74913898593371
24.42353503014273,307.21414976262315,0.7126573282709214,34.69804895628291
30.654861168616563,450.7144954613611,0.9946293422009236,32.762976844083404
24.56449602650897,193.04941271503714,-9.150044166466351,34.0664320035009
18.59793927852638,16.19758609048577,10.023662628267887,28.209836107590437
20.19012537885444,221.90167804903425,-10.370145943019564,29.587596227714762
17.587275494240835,246.64969735306153,-1.2243454249623646,21.198443514157294
16.088007120252918,-111.33231376998009,5.721072663173633,28.844391546104536
19.078789988910177,204.62350385231966,-2.174115821131655,33.9908470908748
20.97807346102558,426.21943257833993,-0.19801917620942744,32.031424462535874
29.179507933387818,373.859840276847,-5.108844265240045,35.9990439560329
20.26016234976697,257.6475035899153,4.0895701229592225,37.68085299355059
26.78679037481718,308.0800314806784,-16.12463871667477,31.540899455010077
28.837445405623686,394.56433618570287,-6.180937928774951,35.428871162213504
20.39403935129853,109.8236681322907,-12.587162288297707,31.969468526828372
28.038994438081193,195.85616413711261,-1.8997138103621727,22.01974972117783
23.574677022844416,276.50370111785776,6.136805117172404,32.02330488526824
17.91232352520192,110.59030080298223,2.9202328908962003,24.831772341795176
21.32590012424439,239.1292432639233,2.91627030928595,30.33910154358552
20.114389090224652,9.887642539207235,0.5675596057980175,34.93056575705782
18.838304850275243,264.17851487421575,-2.2561652880442504,22.26084375507912
19.006093835025332,274.75807957023676,6.496516118316949,31.455578185883084
20.721046517364947,211.5782553833753,2.422049777305988,28.94512844124503
22.170905702411083,238.15135113892032,-5.057208180247951,37.47315255302568
15.575590624206356,317.82101481238783,-5.105850012478077,43.31984987579648
19.95306169001903,91.22115411198986,-1.267271920208928,24.380728837806306
12.388224890274973,32.566583274227526,3.98357633327768,29.08519383411092
21.30397749640104,103.6591455724651,3.009558454956275,31.481274515080045
23.11799737890692,188.70695666351457,6.240719977513201,34.22998285131376
20.819774191799034,107.08274981715326,-8.642046993189451,34.10454582106866
21.429265759593715,217.9975053148311,-3.5496897817856077,22.88379144198556
22.949715517798328,164.4234745780747,8.276852843908582,30.67587476590132
16.674495778915002,21.830045823612664,3.3900549958371737,28.250926221634902
18.804755703377054,33.029783416296965,7.019176583025393,28.635063690830798
22.554610219078924,346.7118128789326,-6.747870859701762,25.42799399343817
25.009428673645715,243.20640494110273,-2.055110075986615,23.818161477377526
21.974607006726263,197.0122876338062,-1.491629607821447,31.837200235220767
32.764297111775974,330.29992965806093,-4.122652434775379,25.117541867009926
19.54319713907564,187.1957598063417,-1.463884902782948,29.820786900596477
24.99830214677423,325.59431502597874,-6.84517666506617,28.43222184639827
26.333638391250414,319.5622867320276,8.364991978663909,26.39770576924696
19.33115076829111,134.34073304752403,-3.3051760815696443,31.75317487371411
15.897435588986287,76.6216501685348,-5.88109975936056,28.71480022944341
14.086985362364041,32.197774767530845,5.976173130293097,34.11526079286667
20.811384999145854,83.00072037030024,-0.9398255653415838,42.36285768616618
25.551459772694145,395.72916173397584,3.3214582584017394,25.1467877265715
21.358341994277087,121.92949647632909,0.728491500684203,24.075630057143275
20.864280376848768,6.7382244143229855,-3.69575164335199,28.144703014788945
18.10393058493647,96.69085966361166,-5.039571570689209,34.850282461863216
22.805148663967852,149.21531720850948,8.233992939268848,32.71424548657709
9.32084474278139,126.19360884379387,3.700845169603374,23.12568010791009
21.161866256873584,123.02040399019788,3.3078651886919186,39.34117716305578
20.1406315477648,254.8816221813151,5.798878234719918,34.616077299074455
13.148298767191296,170.33568513206842,5.01079905695496,34.61484009423808
30.87798962071931,435.4628480106887,1.514778365173394,28.04042816298375
13.062933842227064,347.3286463296231,4.0650645586321685,21.166382035813182
14.612397515761698,431.01438767070977,5.613522457669545,30.365738134606197
13.995684462235873,275.0403089106353,0.6149958104001709,26.165922900695726
25.551839008793436,139.54835796027166,2.7106093223152916,26.52826103521909
15.559575694204046,115.17581764188722,-4.405349615982883,35.505836835882555
23.343282064821064,258.1974349493411,-5.198591476253483,27.526351993867856
22.937550762606257,436.1882580256939,-7.890080941704456,35.821839761847784
21.298352055240702,280.6455538121247,2.5595131699593754,23.164205524953143
13.462105466715446,254.95829512743325,4.2185256837151766,21.01996449268492
16.939468110060897,151.99949293942885,-3.446964683935426,30.84783326771729
28.365574850170383,342.6841981327705,6.667774510686697,28.879654149718597
13.546228003086908,207.28150562789213,6.090358296307473,32.4875748558844
15.841725198157809,112.786402435269,-0.9585489808857981,28.80898714788001
19.188767386098107,269.6204702264158,3.7091975804139543,26.074396986142148
24.04495036018686,347.5305629744949,-1.258840481460869,31.26571520938225
21.258195953024345,196.74538605466185,0.07711340404007117,26.487141287793136
23.71022079647669,338.91686137664925,9.122068738544012,42.32918710588013
14.663528835140026,311.43075938341144,8.581498924219272,27.68992909490969
24.72388296958006,253.86882354348185,-3.681700633949818,34.22895643447781
22.845144082894112,228.48365860661332,0.20217409412741905,21.69317916211704
12.027177224381832,89.31004274117436,6.659846336245222,26.92799523852844
27.699581039536355,215.06486469276632,-0.31851061298757133,36.7758599345727
31.461989300876287,330.23500767332996,-1.6434681621712,34.862243650202984
16.15711321426647,120.38844695994806,7.803412488254361,27.973650380744857
20.278264083083517,171.58457499080285,-5.991819746195944,35.02898475106171
26.987112915537725,192.5220017393449,-5.24322381891007,29.66968772883511
12.59379885286399,-27.666821467124166,3.194414387618939,25.053053604104335
10.05069840465125,6.782574873881941,15.81305232241171,26.051920584738813
13.515279389000387,168.05253688571193,2.2104956718300133,24.75663220884669
17.164666068219667,53.332823289514636,6.594971998399429,20.300691443959394
17.10778894007556,106.28050004369385,-8.102117108781497,27.11643169926585
23.03673586921298,394.5833713871375,-6.3188073061112835,41.032308104275366
21.342681859815297,326.07839504587207,8.50842886635882,26.948318322605566
13.769613676654682,68.35453153008386,1.9960299606429277,31.778196523654763
22.83689985044427,288.70694118197343,8.000218238819123,24.210629740552847
29.370406708406023,228.67547263334546,3.082620684358697,34.77594427066833
25.985271395351415,422.6116306132635,3.4452197243710665,20.619402557554952
24.955537238417712,190.98600285042147,7.964136666193667,31.35466725108067
20.100889642606848,209.18056646215712,-4.83135848302396,38.41441943371321
24.918156973222757,387.66243135720146,-4.093369863493965,24.51944810011687
15.16933590015212,68.90568305289109,1.2669174372660308,30.379443141757317
23.755073185015263,368.00415261401787,-0.3718518540800311,33.08174903498448
19.56375790259427,113.89244506879892,-5.761095123180279,42.685382490735584
25.65452848939725,280.36485938100884,5.383504404886036,26.028757057177895
22.330052756289334,193.73905827833335,1.3086537209369304,25.620055012000666
14.550601071438239,136.65550705402686,-3.2168253584559574,36.05242877606022
20.63996476736755,222.40867767656192,4.468362551702735,28.023564479042797
26.09110734905893,253.4766342847389,-3.3740964281834245,36.17130273691332
14.353830574666002,41.80496483429975,10.270216720118523,40.677714858056646
17.20430060907667,258.7009884316203,-2.221061194079177,33.39184836500124
16.15663495806129,233.62028247549034,5.279359156790383,26.834289847166875
12.521770297771196,254.20135540102603,-3.8610700031070433,23.22148390304819
24.80634137634848,386.55822944641363,-1.963246897777725,27.297720329773572
26.554986514930135,131.15308252178093,5.255125303825126,23.520027994616584
24.00021603528513,368.55328900770814,-2.574305108355997,33.88826622623209
21.21285157718638,341.9019831499135,-4.508469036490864,17.869709010282318
19.73984307842771,144.17411142851748,3.181852070894108,28.125005728512306
21.196901502623277,315.70947561322953,4.745289720923513,27.389592159630002
16.342220414544606,310.24532130499074,6.3772196010803945,29.404709830843885
24.46922800225836,190.80872967204553,1.1919373137978346,20.007099637706336
25.227461620191924,114.3986812795739,0.9478343389776103,22.958028946601885
24.662717670019536,210.67352407919446,4.058598899404836,28.768672612947917
17.34525891140603,452.72329555529484,7.9023826093257785,18.60410222005933
20.392021709734014,227.5462623773699,-1.797791120852167,31.54219700382585
19.171095905103225,70.29001387658562,-0.9565345213070846,40.02055143060942
28.94287393983668,264.134012157667,2.5766610707462245,37.157518004472394
20.898481009612805,109.5795886364626,-8.29774745498686,43.80119112268249
10.589645530348017,65.96839572181068,1.0902112027827635,29.44964682547344
21.992528254155367,229.43969439723713,1.7805944377661194,27.62427937835184
29.41133124535493,37.95361195936272,0.37669811000111775,34.14196788833303
23.425878581112833,270.2988639590668,-1.9220319507387118,34.88018800709768
24.397398550231056,385.44094920545365,3.880928790132767,23.16545336799826
20.180306334244516,182.0661828077949,-4.103223489710468,44.367639157296566
10.143052569074085,63.16103340024408,1.0122388780553773,24.72443673880965
10.94871122973532,218.8461568888364,10.212329966090207,26.508434834198457
13.770261126320579,11.038748657258381,-4.784016405059088,23.3075898316173
19.365839814801365,69.06938003715628,-0.31517014053432846,31.307645406453048
21.549992482456563,76.44631855491312,-2.043916764417804,36.247456692174396
23.447070760697606,218.7329119204103,-0.6841504215639114,35.09308330834129
18.29770978617638,222.37979562348391,-2.622659702639635,38.987561983693595
24.78464629205544,238.78916851456745,-0.034083486859136425,30.23324430858784
18.601256208101887,240.99018441082828,-5.432313874773634,28.794722526286115
16.477552423264804,247.8502442288933,-9.11457920120622,31.433756453071997
24.2582085772245,292.2406124993967,-1.5258187049362695,30.484808587043872
15.427775084479133,73.41237019066514,-6.70994654751728,39.71328062254305
6.354575345894505,36.73698454531197,2.377365009511246,35.74586206114425
14.700216205260507,271.8268815736478,2.4493279467448508,34.64167152141799
20.470797727514487,100.0393179527821,-3.685232041747538,26.52516890433633
4.5991112047517095,20.64874159892307,1.2753499649925106,19.66747171271835
18.214309769107118,140.41571632458778,2.96144006965332,29.728868286197446
18.33954820618495,165.38661616575078,3.0272945477501194,38.01156522821332
12.867720155153604,21.110352378344416,-1.3187556205574864,25.05854862551425
12.587482677010962,-9.05852348862146,-1.3373493732162158,24.771651791679542
17.687690259503622,432.4733005699852,-4.939006762418147,28.689247173315856
17.26449915182594,267.2351000270262,-0.650031749994116,23.2839805931046
26.299592546958184,191.7342019718444,-9.765864458308357,33.080067509605186
21.874315225664,212.84665461249114,-2.3691169138251778,32.34909895723903
12.095722772472103,188.62807925405048,-3.066627977875493,27.458368506903987
15.726742650816288,122.90132861999444,9.815353464522843,28.984936610188562
23.52570763561016,296.9094329514209,6.540595528768114,31.510175960038726
29.47988384478952,233.2703691168807,0.73869583456263,31.18743298231659
21.932497468721124,183.47205970523706,1.7559828529007522,22.060484296948186
21.553562723297425,207.05875164883435,0.7607441938820849,21.79405336677436
29.30376232086003,247.2880721328915,-7.065197619837588,33.186475021775394
19.88664277990492,-46.41582126336846,-7.338332549819249,43.75544750713966
18.454495208326332,186.66016048624525,5.487936060037448,26.714887517923636
12.93375608854166,155.49976245824863,1.7611766170828458,33.73015713658267
17.43491958886147,221.96884273811023,-7.849256568388506,16.91529319799127
30.893563712990765,209.53713630007252,0.036354719839442495,38.95154781391909
12.891293037556416,163.33766693516853,6.512440649978809,24.157508996732428
20.05595853406625,222.12964402968473,-6.62537272634444,28.2281040634379
12.958362860238422,-47.29815853827424,8.83844816276987,26.7932689702764
20.64237874025879,-13.769743143337877,-8.617968538769375,32.52827084728762
24.438236017260607,292.0294186362008,-2.268047795228768,39.99847964961274
18.78175340093406,92.39900039244915,-2.2113695306880397,42.78992742779838
23.651736351497483,336.7379962992943,3.3562344174633068,25.161573344681983
23.60421912754419,450.07932090852853,1.907771077503709,25.94108149120079
22.235124080534572,164.0785502087401,-0.46684048344637485,23.120343928043752
28.581239997079763,216.8729243297335,4.407808467621235,22.987246126647044
23.894187769990275,237.77226519147712,-4.214929729119891,34.76669336338108
18.47520216932842,252.22668938182147,7.826657211466447,30.59806664787179
16.595882257539426,52.37890121441444,-0.6967681382112167,29.734484016284668
15.773468262478254,282.28184888562885,7.205156428498144,26.595679551258076
22.37933718817506,322.91552964304174,-0.9305432295937496,31.41357292728833
18.38139092874916,249.92455712166307,-0.8387316366114247,29.90634127267451
33.645835195021476,282.4742539278477,2.238232253199554,31.992224262536098
29.212238028090784,383.7525898653105,2.623992550851145,22.705423997184102
18.927380002468386,274.9950860277321,3.2367517464592224,31.721616292409042
18.354343729185054,63.446347463356005,7.921596820296433,38.63553440077777
28.45088276658211,493.52725760001044,-3.8375885076978986,35.20232130930008
10.583201093475068,75.77927766162037,2.09114127240274,38.5254905644198
17.74224470347446,214.3410444563082,0.7663420923441655,23.710579096715495
24.75378475497686,195.12230388582927,-8.205562537199606,37.246103628822695
15.439512145405182,192.8847986076698,-6.487919895056865,29.206182312775965
17.61585013453257,292.1667431045402,1.9790836978042574,47.47388569578608
18.24429416952656,101.70607589631072,0.3123093044155483,33.972200883291706
23.304042482532818,67.49783806241155,-7.3351792196970935,42.100120286231814
20.687634424115643,161.87779557765273,0.3412693954778848,41.06180878800048
22.01043705144067,89.49976922164154,0.40578919346758946,26.64851259703386
22.9764186259167,153.90691353504212,2.0129070938884612,25.71948605264155
20.149691140885665,188.84861088580018,-6.747544557570075,32.11702046682697
25.552830991243358,249.11256964710702,-2.44486600819703,24.543393108253962
16.355205644471823,292.62495274724006,6.621037880445399,21.757697047657416
12.819392521866813,26.714090103807507,-4.98291374525859,33.30248101541379
11.115640975937778,146.42725011213417,-2.651312623106387,22.68889999086034
11.89495110518771,68.19276576325473,11.119722842879344,25.11079952913898
17.24742135226213,308.9799170404163,4.4136031120710015,28.648670315359126
25.150234466281596,504.2721942295655,3.4355522723326306,31.227343384683923
20.870833786859883,239.0523114521169,-10.13859519750596,38.75429657789117
17.007266952323185,337.4917746682402,0.4325287116523697,26.27993931660002
14.650722034921685,93.4866612053134,-5.281385918620828,37.18397093874513
17.35557174334708,13.615066554259442,1.1753169866450068,15.362571566782332
17.98166807301781,52.776829130228066,-5.135975841676567,35.54389172258765
17.17450304550409,13.83603670835521,-4.1872999286404715,26.234471059995407
12.837278396286317,32.89785175278914,10.780285024781069,18.36266074935797
17.620960894388652,152.18773852256382,1.6419946320029248,28.13717129560763
25.08568066689539,365.8671511917425,4.260548523119565,39.288402469588966
9.12695529202264,161.2554641498454,5.085357612384828,21.110668954955734
18.796956637778123,234.34595046971918,-1.5420873779382893,25.955179828578828
9.393258225837373,51.558975274992434,-1.2442168272149738,36.8244233108738
20.915238052889507,136.9611485067628,-3.4529387120115027,30.589800119544005
16.262553045458475,165.95199601920436,5.405736565701743,30.24749333169654
9.57156165953667,109.48228962586415,0.2963388101497677,34.72150993309923
20.50351094966712,230.65623043338908,1.4975326044772832,34.310809927275926
29.087026767761955,328.02508009546347,6.165366477677837,28.22508553697479
20.544457666760813,193.6831814536811,1.7071778153780564,19.975296879954087
25.80895741891174,65.62394463589703,2.403445749802835,29.47466920373871
19.642477989155456,84.90087678115127,-0.8344826737374662,32.05138331056672
9.212045859189521,9.559024874664388,3.053703789672832,25.024076413949008
22.452417453120045,394.1974450610358,-9.081900054467768,28.138719397469686
17.908603465938935,136.3587874820954,0.6729840077974114,37.49216515280693
12.689575361635605,194.39916658880105,-3.459133053168347,32.87520955008346
23.92418336961559,385.6656813536449,-0.616199885150623,25.463375646185483
21.434287827269134,247.67924337290813,3.237426665741622,35.34710223359585
17.372951796409122,134.45036149963505,3.9400851416543343,31.933149276829077
24.34034712701048,214.0813704314813,-4.969527620167991,20.66316883844795
15.639640161034837,54.15713302162189,-1.6997349676299431,29.69117313551144
23.217161693700483,262.8255063546008,0.1134644158871505,25.88991041116936
15.2976976537835,265.78395639255257,-2.3341354361164095,28.696910338543432
22.669773808530394,283.67887922890213,-13.795366613941116,33.622176439285624
14.496260277253393,222.09431951877167,5.972398096544701,18.99393500208127
27.445941015105557,346.22750528806455,4.535686394656392,19.392158014805158
21.27153750007952,413.1176816133808,-8.909917505298614,38.453052922046254
27.164375579965558,208.26244540825525,8.972380165522063,23.29396525075099
15.887770112400752,174.63008637472336,-4.161732868732173,32.02546939901331
17.61948813516236,246.7424850792859,4.135983321981111,26.79456950433015
24.198323992574004,366.7098715325652,-0.4921251208066453,27.23478735164863
6.281414258453378,-179.95010070591542,1.9605895080938824,34.372100158256345
14.666045726763736,94.4262972159841,0.6654951326667597,21.119900693747645
25.165884761408375,230.80948047020138,-5.4319933138401035,30.68970952848188
22.325546619471872,120.31343464608369,0.797301442101179,29.32133887758405
24.89384671208904,333.65190000151506,-1.8325169685056222,37.89903731705666
18.45119556457638,206.41090727385654,0.6666666966135479,34.54887623300122
22.819996908015604,188.5550058160706,-1.598139539240816,31.185631858359713
16.345778648915886,0.04573692318959388,-3.583564837527159,40.19097501278489
13.140198161888016,-0.9752507807851316,-2.6558259144091756,33.12478634798984
11.526025131416898,16.726780218901666,6.004520345817172,24.045679561967518
17.241452144847877,217.89572468569065,-4.101756932621087,39.86402228026678
17.255292887877495,50.626838469506666,0.8976746514747693,44.100067034688585
16.853113012016443,-38.41165613311054,1.250980937626104,23.43470849590169
2.2559751450103143,-122.69200041494409,0.36786326969848904,17.918102811908092
10.006981999817292,40.87359708266209,4.0244990406747565,35.04762224575383
17.336837554032726,340.69593420618776,3.2857461508619,29.63627914596555
21.435083137987757,464.5438782758202,1.1416795784218285,31.820642574966204
17.106036874764772,122.92248167526874,1.623747696052944,14.724689565918805
15.615513998246481,250.54097767263363,10.117095684200544,28.235042496982203
8.457633334241814,224.6974318290685,-5.4587765482071795,33.83644083142709
30.107495194879647,429.5291511992605,-2.3203975188022956,30.422816114142492
14.494443602665365,133.26586822004967,-4.173437786120026,28.695321756804592
28.416983188495472,153.96190180810473,7.36506986497402,27.82699322289821
27.803429584967734,229.20385996977586,-7.471167115412625,28.167737064613934
21.369645329504664,27.498216292693087,3.0810239512868516,28.646723710672006
17.136952974686608,195.23309844733234,3.2012384062905954,18.985268504283866
20.66107765591132,284.36017586605465,-5.709829127511689,30.083473064485933
14.234790129803223,-46.951145816036984,-0.18285654088443004,32.36012139508887
21.303650633489955,207.85458394527697,-3.183456056461007,30.5366157186863
20.014760739247947,229.38317594682158,-4.103574257301145,35.49721861403467
22.659841339741305,351.5305022279386,-1.9181200513688013,28.806770852342
24.75218424321891,385.38415404855596,1.7091520863126977,28.675032630658635
28.664192437064223,366.76931849636867,-4.455532306730677,33.973020366362846
18.058420827416732,111.91080156757161,-0.7505941704724479,31.343544138312524
25.216942088796415,215.33465474133052,1.9308009194505933,25.4580041242181
16.041652096855497,280.8457902149741,4.1098899836755365,26.29126145532006
15.527175262393694,94.68109799670094,-4.851991274028013,36.13653201044478
16.90971782340312,164.87238696763285,5.445656852720088,26.717363531449962
15.090171721051693,306.9827708485629,-3.6760055190695344,40.39989374501595
24.90132159167329,261.80136979884304,-11.347296053612661,35.20869772030294
24.616205692308625,108.7105249473984,-1.7395173146917409,22.698956456231436
26.36155873519695,234.05661359581464,2.0962736579522696,30.44532572824755
19.8734983536794,262.6671800163035,4.474767233538675,37.30842482556358
21.37190798043639,194.6859876259383,-11.451801969751813,36.827650414372336
17.10786500699966,287.20985757907096,7.934517064152333,21.933352886229585
14.245193760751253,270.6528934589154,0.5036477515230242,30.328578403172884
22.235090752657783,157.26911316627758,-1.684121334904273,29.651691588696426
21.34186555658268,163.05278509562368,-1.2796844316249398,34.7545941839261
14.464933674711386,134.21867717131158,4.749398300140852,23.098407945184157
22.926662333233033,109.0902269068976,-2.6292508196449678,33.229750189024315
11.291363287001356,150.69546420287543,8.354538878628135,22.71588475880771
19.10500757937733,173.0273634691264,-0.6397271834192071,24.26313348061721
16.84843081442241,247.00465849524107,3.8737757683761602,18.010692451011238
17.353618918886028,113.52584666239031,-1.6262123765936052,33.931637420371615
14.582711223873996,57.85044428414881,-10.287833950639966,36.354659173332635
24.762470457309476,431.40305442199315,3.905010481996791,21.518040725684827
22.829741060245613,140.36479758342458,-6.716063452353605,41.73508540089856
25.91710133405587,200.60874025323565,-0.3097359341826311,34.880078811409824
20.652486743225886,133.27610768929392,-1.7187809575517432,18.85460270989683
13.509731729020622,104.6349432309636,-2.9471360961323305,31.51738918859914
18.10499241027593,89.44529673274882,5.799100119212943,26.95384002080999
14.042410973132274,135.92548756583204,-6.581807109237909,27.981163965363386
22.233975824899655,151.8521228398451,6.206032590449595,34.018877345804015
25.99352964524127,218.2477851359842,-2.381645437736479,42.213308094224814
21.58045195789795,252.0863185357325,5.020339970131665,26.439025024526348
16.937395430701752,239.5320365864631,5.862901202076215,36.75914061479457
18.083364387582893,227.5306183970014,-4.0614299454187215,25.14553823802715
20.952250013333224,135.91585360500562,-3.9670354514372748,23.444806230752825
12.698213032247597,166.69857049772622,4.689272996684845,13.128839684456757
20.673010716297775,194.68381790137087,2.625381302426228,29.261833450596242
20.91748938762186,198.54236490357673,3.7562119422611335,37.55535274314707
17.198785621739063,-0.24906562660106601,-9.888626823359385,39.29986232725152
17.829823664773105,245.4299580595382,-8.23355036695815,38.228817472356965
20.769223215424837,193.7316931622323,0.682191540383297,29.152489099793538
15.808555763719056,328.7123022400069,4.863973089123088,37.294475061115314
15.797686030016873,221.9870522661967,-0.8743923631113213,41.55389623388314
23.799854322039934,126.34680682023,-6.059805427367033,30.658254625774934
21.016853597691075,72.94917907235046,1.5857745568741661,28.74893716282073
28.29331800407592,398.0310250647717,-1.2615018512848661,29.435196009717256
14.960110005357532,62.11397622395107,1.992897974065446,28.6553498154998
10.99517075672246,178.40082831285838,-0.3752524090156544,25.00414827171838
24.593894420839394,215.8618558399311,-9.21695386719627,34.59051650837417
24.67072209395644,457.0906943981113,7.2205196736945645,25.267430171632313
16.189083369658874,169.91017687843748,-1.303661292210723,34.99727239924151
12.535714935517406,276.93446914706425,7.395927361046638,26.649931476413443
19.6390470440112,329.8051875474962,-7.8848958044876385,41.80704165181097
11.110473053951257,64.99910676111061,6.098574008078852,18.54989546777157
18.15517676670624,148.94660472956647,-1.2050891644498538,26.551221980423527
8.94543899994109,238.40559514026202,-4.543514047216127,23.858305056870986
18.660271182158187,187.31052957024426,2.870780181910317,34.28731074051288
9.243248649020106,6.364564905120162,6.487463810034702,26.828007694176677
18.65580199281356,307.92375519333115,-3.4579064612028847,21.78503725998299
27.422556302553396,532.71021357141,5.317689781464475,36.58323180190998
18.496523871171046,182.61529995303263,-8.315349702314862,45.89521558236885
23.67619290932471,378.6031745353472,-5.065254551952245,38.87066584779702
16.61461627620769,152.16067039672205,-2.9748702640816074,38.62935185243316
15.357584804467905,291.6910023336098,0.4352661882518962,21.961825029274777
12.324608129839842,102.09916498056427,2.5113381434917903,26.250965869154438
25.011542314267885,386.47838449751214,-10.201815761456935,32.44878365183105
19.51510134709485,252.93743282396485,0.7075349881033182,29.993154112913928
27.911591338894542,264.4303568686979,4.57974566183252,28.022359072279507
13.900907448990953,166.59617581744595,-3.783331164740876,25.909315762121686
18.674537995487547,136.67383079640032,-3.597135556213637,32.520899687744325
20.18093394027325,93.550374815933,-9.748606725478002,44.22792945588999
26.84085849300692,167.3446976574221,-3.321164967205248,27.263369879195288
28.884673256302115,287.9856728328435,-5.181342190128505,25.81005848240366
16.52703321225042,64.53941348057539,0.8350009799230416,33.053822992392526
14.098580440752059,190.33218969852837,-7.699579555472721,31.422249155722085
11.080772609022913,169.53280467454363,-1.633355095681024,33.749357683778015
26.443615843622563,317.31088232224033,-2.2907114458869264,28.149461309052814
19.320028845565943,149.50581339569533,-0.027710172909351655,29.490288394067218
16.512615429981466,176.96132145414182,2.233243058402792,16.996050668324173
19.492799966821554,198.68383809086637,-2.3398438062607685,26.470042144558544
6.955457636953986,208.28998526799882,6.508663244829997,18.224135076975095
11.11683487157909,36.98224454155388,-3.309840516659667,41.68351735306139
24.419011434363547,212.32356090648105,2.5101246946025535,28.72532583491402
21.720162769259804,200.5081280837995,-0.3855494390842623,28.712061167066743
20.490397465461623,197.35169471766366,-0.15090881027577274,34.000922218270155
14.73156544787832,79.1485648066611,-1.369530674567757,36.977176645312525
22.676725244360654,170.7089674146165,5.952891578828893,35.22871602694428
28.629526627669957,394.80700174985606,-0.10504018722996544,35.22512182350295
13.613658820154342,79.2100415401312,-5.178491534448911,35.370798857282566
19.80918435691146,296.81485060841624,-0.5113220480431765,26.412350378213656
17.55908135818177,386.17971416841664,1.5589754667443136,33.62449960495984
21.538059173947495,350.30549069419436,-3.0261938259267027,33.6214156725459
19.80287393252582,24.234271260171965,-6.171735040692022,31.548791423498077
18.99690022424325,274.4361180760306,0.5617717365247251,35.6082057400882
15.320923266213391,208.16750428379413,-0.2128262002917248,30.868479452603232
19.65207372906444,258.08327189470907,-0.09406328735229086,29.660553108735066
16.658544202727555,10.980367554574201,6.675503463350187,30.78370487120224
18.998017104492842,273.0020740004035,-10.339095686651993,32.00174048057819
19.412431113288854,92.21223902570804,-5.13925277059377,30.749938399229304
23.00147759825714,366.47048074039077,-5.36228654526718,36.27162383402088
16.81841334220388,282.32720421357124,4.434995253265913,28.198035895977664
18.112898982813146,442.98908469968455,2.0938239866095096,32.33401711542144
25.08983450885551,218.97481633587682,1.8793794326807642,27.770819444134645
18.638364021901545,40.50593422232308,-7.638747983633455,25.612616967468398
18.42017889748913,295.6301998887562,3.3137172157321295,26.048996487635392
24.05135073703831,334.4262073615946,3.9089336085245687,35.533858838340315
21.092630924541393,179.06527704009537,4.516489995249395,28.18577811243467
20.18621311940468,344.35222449369917,-0.04715633931378793,25.395907504084843
20.83097742583749,283.581128435634,1.951320671033808,34.3630704437908
13.534898470636245,12.823856098755911,5.1035246936287875,23.87101714984001
22.04101824495298,191.52005907313344,7.56028784949938,26.32767889830386
26.36898983601802,225.3199341212226,5.528390796463927,19.972145063270396
22.64958222204141,221.74948033737456,-7.686771869553879,23.54110087056831
11.969114695873472,145.10883154564115,1.151855526013562,32.98479533690902
21.176301488301668,148.36456370617717,5.843313960647026,24.740286855931476
15.236375407871936,138.7818562442103,4.888743711103849,36.84243285226027
18.633301873188636,251.46744971760353,8.636951626735774,27.27866256146659
20.41954860045519,202.95675899410435,2.489268092848331,26.235890917255748
13.814847386402128,117.22515014970605,-3.413396830745078,36.16207602279806
26.460527200840033,240.22891730330858,-0.8565561921836902,24.619759576063668
19.44169170681506,190.46833640106985,4.5525611597064755,20.87413768795024
23.752031949702847,52.008200171129715,-2.7375196607935086,24.903798133644244
22.967399293204227,251.7780893165315,-6.886870377613953,41.80401095694162
26.51678335654589,168.3482623742712,-1.903311985477302,31.31179859205569
25.758841871400584,274.24927506037403,4.038856074858492,28.11848025202248
12.434199048575735,-16.85074387531884,2.1307632059125967,29.34064668773982
20.024054514822488,298.51318714731406,0.5565795696715974,30.115903058478754
9.137972416787887,121.12140741169267,4.650956404430218,27.1687103179547
17.581115091758956,46.71724828886619,3.923967112105496,31.56751282509552
23.39211343046913,263.69342869232173,-5.088389581841801,27.937047153444308
24.39148326400298,173.9896866514951,4.030452820017849,22.714754243601725
26.269129791072274,448.90450633495357,1.808799183953427,23.31059590538429
17.941111751751542,234.6017909616495,-12.923802843058715,28.082823298215086
21.429820405589336,140.7211651211586,-6.99767037709979,18.862937099037687
20.318368154159778,231.8326026290622,5.443715373290434,18.432647558792162
26.16843405887977,264.61240681306447,-2.0653595593755463,32.492502489892445
27.77649995343581,403.82769331461117,-3.411004520269417,34.488652204219655
18.04233350660215,222.439366368898,-3.078498448196661,29.733303127048337
38.75817483633179,445.341823311443,-4.2694057543271136,28.480097767565606
19.819796329103074,92.78345007163709,-10.681463841799998,40.49360006617189
18.00555783352844,265.81384248227215,1.4083098404940924,29.57457047604446
22.83920018373609,444.378022338083,2.1735077589426144,35.43511699438821
23.635961925289184,306.69889469515834,-2.164971647208109,23.880511518689726
22.57807127381078,228.48442899552438,-2.139209861339225,24.184345470907033
16.601616832445703,189.08867267389144,3.2534665385719075,22.784572242106787
27.219004857587024,183.5885087592225,-12.1350636329538,40.578153509139945
20.129119319474064,226.62646435043732,-6.484771656088582,31.703242229872117
27.552350833410298,172.4223090492635,-0.7551683256432313,28.19353383818475
26.83280930757064,279.5058799057542,-5.009580704191986,36.97058852525965
13.505723853330704,103.02599342374737,5.2099969680588485,23.868457826263104
14.978434365345779,73.49778269284025,2.3431055831151313,31.00611564675807
14.878834310947893,213.655257332042,-2.925432971126279,25.252150770692058
21.135387802956714,69.21950734632563,6.288687862610857,33.47104673953141
20.160570612503992,204.4273619996255,2.702845793406455,25.71542331329947
21.237876197669948,86.72902073866729,5.717259498951323,35.022379204136556
15.836445953085848,348.2922202600397,-4.699251451749235,33.62594698011063
22.03573682957703,424.7902511669116,-4.524468239594759,28.72988341230368
26.925523048841296,360.83773215529607,6.346874692462256,26.78334860278151
13.2320264267713,328.99429036201064,1.2243657813978124,28.538755686395042
18.931023781762168,255.55871047148457,-4.234362932540845,37.99790147332756
21.155028772516296,272.70481502606003,-2.144319339007193,17.58012849345609
19.264747107098223,156.99527933684033,2.2117268324988184,23.677084611484897
18.929362776205526,106.60297936791333,10.855309137228943,22.881538394112408
28.761319922726354,307.2354080589356,-5.428485118524533,33.27587976226455
26.33533752392402,216.62156329774214,5.512081058257959,37.55517455082711
24.16697471663076,204.67454774438778,-14.863130190976438,38.34125143756968
16.114002183042704,240.8281185896221,-4.611285928403819,32.65974123810274
31.128033599859265,305.2732351135156,4.558532989047989,22.059700245739442
21.729513313611932,67.93326878042487,11.123734671785487,31.473916882025538
17.035120285796694,155.36981193199654,-0.7645772529962775,32.91161338446877
18.23811359265582,112.66441453897195,2.329699868346745,41.99084613993451
17.478356904211495,151.90540537090087,-1.07099851221906,21.18421839017185
30.532683219806664,202.1001233314787,0.7146600180013243,35.20159569386975
20.955934878383715,336.104453027062,-6.206317416309798,30.229175342922773
20.246598414713727,399.26451352138906,3.6731710021898945,24.130203116944074
9.166939203408768,-13.00318792969533,1.6858156708560053,33.827575874835404
23.61905126138632,307.5226354597316,-2.626758153766385,35.555180694439876
14.642520214574047,212.6779255742988,4.576680547584475,21.29294592506518
14.28521683126802,41.84230252840335,0.16473208418506946,21.58455081950535
22.997788489820046,246.5080351120591,-2.0863308264693883,30.86234536537662
15.617957414067654,303.69189595106076,-1.0907442366189293,22.743585285592864
24.114174752529603,332.1993978443659,-7.35350218907195,33.521173795002426
25.544465439742478,423.6781366418165,10.174001247186897,15.17517937685303
10.98802539754562,-0.9173792238211291,4.0231092320217945,29.405066186143916
19.25444982565851,124.05371486372948,0.5045100462346648,27.143182885213225
12.065910155444207,155.87992412969626,8.156485612937342,27.991789911288258
19.625330085926215,237.68828191429273,7.810678076510899,23.561552615765013
24.495989892531128,253.30604455350044,1.890475586126745,25.194382785067866
13.115863170473878,98.27660656235386,-2.3948529044124225,25.44839334986973
28.945799053694547,254.12298394779233,0.3314165014749378,27.616473973485736
18.376794305603184,128.61841415468757,4.603472728086848,48.046040856612734
14.012160999801786,190.75052534930904,5.297296572674446,22.598191339834944
19.303413240095733,-77.49761252568715,-2.517455199379312,31.25845808178162
23.883873638624515,404.17238836069055,-0.9685601203659402,41.57824692867911
13.035333519860181,82.848466599512,10.801200868574574,30.475769569632845
19.92867019425853,61.427406774881774,7.47757683782787,31.89213558685724
13.050937518636104,190.0507360526496,-0.20969153809206187,32.96677983852906
25.937730857622505,123.85513496659632,-5.3243248663701035,36.95110232208786
20.68936446416322,250.41675740075908,4.781798168245398,27.998241935683605
17.786575728433014,142.50465476381495,6.158511222579844,22.107531987463933
25.087432371905372,314.6586362660289,3.8810923874306527,25.864309108706617
13.466943702010852,218.21805139435747,4.180212718605015,23.699722476043103
17.941566031971263,313.39632694183445,0.8580442262689434,31.15732499956792
29.137592835040525,246.24608553649944,1.3800395601785156,14.974055207609352
19.284668097679656,168.03946738416047,-5.9449709293049295,27.341378513623887
26.68780465428707,269.86439707061305,-1.7917260260925798,30.50130574858504
20.878679751607333,71.44270327104113,-5.865542791237479,33.953513047366314
16.401875191576337,227.3814432834415,0.009282739994112,36.984113331007094
18.668893144429617,203.55976435160684,11.688652928654147,15.24911243890775
20.284670207831965,72.71445113087248,-10.593093435534382,34.43203830808051
17.84993142178548,303.41542127610967,-2.769849588646901,20.894897261251707
15.776491351198802,298.18157695151876,-9.088143222388535,45.2611584252901
15.98804160951425,31.95284252225258,-4.9277080345132,13.58479146778786
12.47766031618152,185.72961151039317,1.2582814505938014,34.40875180523684
20.44551634969427,333.22200516653794,-4.903190507584803,30.042609823151892
21.860404224524203,306.25321488822584,0.4959658162472595,17.626565898670346
23.636499510243627,141.86578244285732,14.290107659719844,18.2459114270182
10.862068771345335,-27.568522371313747,2.295324034893067,32.9287682122809
23.91933860764709,231.12636037779527,0.15536800115592886,32.08680672758078
19.80446963620747,151.85509247038357,-4.386585317164375,28.229851627009584
12.746920240663774,130.03980824700022,1.5878159746122582,33.82200728113739
20.37917556224053,196.81390845336745,-7.893844599014916,29.063856836840365
23.962974055815398,295.63034032278415,-0.3318046597729245,37.77318363725845
22.502103655912528,172.16420281001416,-1.204096295500025,32.70677630706328
23.516636188161733,222.1324082658329,13.244530415655865,23.13830342187
24.616672175532734,546.0730782052926,-1.8869546400320818,32.13192577141926
24.369786274299745,233.75472043904372,-4.530723470378884,34.476197442576286
19.712749755754597,273.7548466374057,-3.9275358263462206,31.616278626625284
9.47884695752726,126.54449127210275,-5.776240316842092,38.099695502338534
16.093842137884266,185.58722987690453,3.1065188379724598,21.062327525638725
21.67298069190964,128.31630638941854,6.7469099848999035,29.506713979619114
17.545635893127734,230.88514393467574,-2.4062790948113135,27.42528510164061
23.3219110415447,230.7298980739459,5.473425341273753,30.401304817545046
23.884090524917113,323.2081120034012,-0.27263699912394257,28.8801924191726
20.136778056645788,409.05916334492997,0.50493522439916,28.6825180058903
29.295935511840568,313.945915863793,3.3664549288826024,20.6855146011664
15.02233529224262,228.85369915705837,-3.7686502938559734,36.657695665572184
24.55529166296913,145.65544795743847,-4.238929241390083,28.031535605900668
17.53706998273368,189.47922949967537,3.252151408685937,21.08183950592718
15.997668429444415,317.5149443899072,-8.160033495674048,35.62155634865243
22.844076349625077,224.81293518040883,-0.3679886664339762,30.695552949817113
16.821931153240158,106.85772738453741,-0.6790466872284787,27.538775260487753
24.196444908580578,264.9248812477599,-7.122723687454833,28.288811466047434
14.068531563908884,124.51685485767976,5.0736058293969375,18.499700136169537
20.07791967027949,179.00271004778884,1.1672829453431595,31.960197886013944
15.68535038848244,121.85484483092702,4.212385497394222,28.35707993895269
18.72760970191893,388.1926839323014,-14.121262162390767,31.50400316241372
18.042943291749975,95.56761393113308,8.907939654486862,12.147217492500843
14.26015309448325,103.53740660953267,-6.349692297733719,28.937909677675567
23.181398331508987,176.98994687552857,2.3108474623276227,28.890241927545613
13.678782293995967,262.9989729484456,-4.877852541588418,33.95589770433284
15.004552165220371,124.34810818353188,-0.37759876366615996,24.854918621786023
24.363755843311278,376.2501534075195,-3.4916540620983922,32.143752827296
24.773701755038996,266.55901825368176,12.258967651885964,28.503884338034837
23.247226376703896,232.29771493406986,9.784407917668986,18.54894035427893
21.610202954878293,72.18076878980969,-2.8266144100015835,26.214436419241807
31.301362668036294,436.2967658567004,-0.2825102588086511,29.87367189476946
13.862972937690927,194.86314604996096,8.411807894407383,33.60833185586176
16.195059093300657,204.58440330182523,4.311532547825697,13.41728483854667
14.943612729867834,139.81849111311647,1.604542595977252,23.396884529588352
24.40729416224388,204.52607221595744,-0.015382968432676503,37.104531639975406
21.355049734621037,88.86172564093368,-9.352443146158377,35.38968599740809
25.46992966335825,351.392314578963,5.844229832174503,32.18035916078925
24.778811661265873,276.8000902111411,7.739590773557246,22.76129823136692
18.791875211101022,154.12453370924885,15.016176109073198,33.25115878646876
15.823016657613469,97.31234443787709,-6.447174777267689,29.110829127959164
14.957750173474347,163.3008661576435,2.109196440404459,34.43044842091999
30.978368558132114,302.81752655208015,-2.328052892315994,26.730248577823378
24.759116735038855,414.0021580679103,9.27283319951217,15.210823329053287
22.887660045951687,308.394888842879,0.410526715291782,20.7011035812897
18.228347789898734,124.81073107061707,0.5522774477599524,26.253669898686304
18.93300914619188,80.91062140944591,-7.369817935089267,24.27789764457319
18.204539321183862,160.59967072842346,2.5339640676885784,31.708497037869726
18.306075857210352,94.05619629676542,-1.5613503652662701,27.148882776161578
7.9075031569924334,88.84923837658506,5.750565831078621,29.52864707998248
19.619002916843517,238.7956919307793,0.15422616312601845,27.875402293874444
18.014331666329383,246.0068721675122,11.524166925877607,26.568348532005665
21.374781616335593,257.65717996653154,-7.168714992903361,38.6975312783036
